c_district_id,c_district_name,c_district_code,c_city_id,c_district_id_src,c_create_time,c_update_time
1,Unknown,Unknown,1,Unknown,2021-12-01 11:17:24.993,2021-12-01 11:17:24.993
2,Батцэнгэл,65100,2,5f6b198d8ce02f593cfbc5d7,2021-12-01 11:42:52.597,2021-12-01 11:42:52.597
3,Булган,65120,2,5f6b198d8ce02f593cfbc5d8,2021-12-01 11:42:52.597,2021-12-01 11:42:52.597
4,Өгийнуур,65020,2,5f6b198d8ce02f593cfbc5d1,2021-12-01 11:42:52.597,2021-12-01 11:42:52.597
5,Жаргалант,65200,2,5f6b198d8ce02f593cfbc5dd,2021-12-01 11:42:52.597,2021-12-01 11:42:52.597
6,Их тамир,65170,2,5f6b198d8ce02f593cfbc5db,2021-12-01 11:42:52.597,2021-12-01 11:42:52.597
7,Өлзийт,65030,2,5f6b198d8ce02f593cfbc5d2,2021-12-01 11:42:52.597,2021-12-01 11:42:52.597
8,Өндөр-Улаан,65210,2,5f6b198d8ce02f593cfbc5de,2021-12-01 11:42:52.597,2021-12-01 11:42:52.597
9,Тариат,65230,2,5f6b198d8ce02f593cfbc5e0,2021-12-01 11:42:52.597,2021-12-01 11:42:52.597
10,Төвшрүүлэх,65070,2,5f6b198d8ce02f593cfbc5d5,2021-12-01 11:42:52.597,2021-12-01 11:42:52.597
11,Хайрхан,65060,2,5f6b198d8ce02f593cfbc5d4,2021-12-01 11:42:52.597,2021-12-01 11:42:52.597
12,Хангай,65250,2,5f6b198d8ce02f593cfbc5e1,2021-12-01 11:42:52.597,2021-12-01 11:42:52.597
13,Хашаат,65010,2,5f6b198d8ce02f593cfbc5d0,2021-12-01 11:42:52.597,2021-12-01 11:42:52.597
14,Хотонт,65040,2,5f6b198d8ce02f593cfbc5d3,2021-12-01 11:42:52.597,2021-12-01 11:42:52.597
15,Цахир,65270,2,5f6b198d8ce02f593cfbc5e2,2021-12-01 11:42:52.597,2021-12-01 11:42:52.597
16,Цэнхэр,65080,2,5f6b198d8ce02f593cfbc5d6,2021-12-01 11:42:52.597,2021-12-01 11:42:52.597
17,Цэцэрлэг,65190,2,5f6b198d8ce02f593cfbc5dc,2021-12-01 11:42:52.597,2021-12-01 11:42:52.597
18,Чулуут,65220,2,5f6b198d8ce02f593cfbc5df,2021-12-01 11:42:52.597,2021-12-01 11:42:52.597
19,Эрдэнэбулган,65130,2,5f6b198d8ce02f593cfbc5d9,2021-12-01 11:42:52.597,2021-12-01 11:42:52.597
20,Эрдэнэмандал,65150,2,5f6b198d8ce02f593cfbc5da,2021-12-01 11:42:52.597,2021-12-01 11:42:52.597
21,Алтай,83150,3,5f6b198d8ce02f593cfbc62d,2021-12-01 11:42:52.597,2021-12-01 11:42:52.597
22,Алтанцөгц,83040,3,5f6b198d8ce02f593cfbc626,2021-12-01 11:42:52.597,2021-12-01 11:42:52.597
23,Баяннуур,83030,3,5f6b198d8ce02f593cfbc625,2021-12-01 11:42:52.597,2021-12-01 11:42:52.597
24,Бугат,83050,3,5f6b198d8ce02f593cfbc627,2021-12-01 11:42:52.597,2021-12-01 11:42:52.597
25,Булган,83010,3,5f6b198d8ce02f593cfbc624,2021-12-01 11:42:52.597,2021-12-01 11:42:52.597
26,Буянт,83140,3,5f6b198d8ce02f593cfbc62c,2021-12-01 11:42:52.597,2021-12-01 11:42:52.597
27,Дэлүүн,83060,3,5f6b198d8ce02f593cfbc628,2021-12-01 11:42:52.597,2021-12-01 11:42:52.597
28,Өлгий,83120,3,5f6b198d8ce02f593cfbc62b,2021-12-01 11:42:52.597,2021-12-01 11:42:52.597
29,Ногооннуур,83100,3,5f6b198d8ce02f593cfbc62a,2021-12-01 11:42:52.597,2021-12-01 11:42:52.597
30,Сагсай,83160,3,5f6b198d8ce02f593cfbc62e,2021-12-01 11:42:52.597,2021-12-01 11:42:52.597
31,Толбо,83080,3,5f6b198d8ce02f593cfbc629,2021-12-01 11:42:52.597,2021-12-01 11:42:52.597
32,Улаанхус,83170,3,5f6b198d8ce02f593cfbc62f,2021-12-01 11:42:52.597,2021-12-01 11:42:52.597
33,Цагааннуур,83113,3,5f6b198d8ce02f593cfbc5029,2021-12-01 11:42:52.597,2021-12-01 11:42:52.597
34,Цэнгэл,83190,3,5f6b198d8ce02f593cfbc630,2021-12-01 11:42:52.597,2021-12-01 11:42:52.597
35,Баацагаан,64150,4,5f6b198d8ce02f593cfbc5c5,2021-12-01 11:42:52.597,2021-12-01 11:42:52.597
36,Баянбулаг,64260,4,5f6b198d8ce02f593cfbc5cf,2021-12-01 11:42:52.597,2021-12-01 11:42:52.597
37,Баянговь,64130,4,5f6b198d8ce02f593cfbc5c4,2021-12-01 11:42:52.597,2021-12-01 11:42:52.597
38,Баянлиг,64010,4,5f6b198d8ce02f593cfbc5bc,2021-12-01 11:42:52.597,2021-12-01 11:42:52.597
39,Баян-Өндөр,64250,4,5f6b198d8ce02f593cfbc5ce,2021-12-01 11:42:52.597,2021-12-01 11:42:52.597
40,Баян-Овоо,64080,4,5f6b198d8ce02f593cfbc5c1,2021-12-01 11:42:52.597,2021-12-01 11:42:52.597
41,Баянхонгор,64090,4,5f6b198d8ce02f593cfbc5c2,2021-12-01 11:42:52.597,2021-12-01 11:42:52.597
42,Баянцагаан,64210,4,5f6b198d8ce02f593cfbc5ca,2021-12-01 11:42:52.597,2021-12-01 11:42:52.597
43,Бөмбөгөр,64170,4,5f6b198d8ce02f593cfbc5c6,2021-12-01 11:42:52.597,2021-12-01 11:42:52.597
44,Богд,64050,4,5f6b198d8ce02f593cfbc5bf,2021-12-01 11:42:52.597,2021-12-01 11:42:52.597
45,Бууцагаан,64220,4,5f6b198d8ce02f593cfbc5cb,2021-12-01 11:42:52.597,2021-12-01 11:42:52.597
46,Галуут,64110,4,5f6b198d8ce02f593cfbc5c3,2021-12-01 11:42:52.597,2021-12-01 11:42:52.597
47,Гурванбулаг,64230,4,5f6b198d8ce02f593cfbc5cc,2021-12-01 11:42:52.597,2021-12-01 11:42:52.597
48,Жаргалант,64180,4,5f6b198d8ce02f593cfbc5c7,2021-12-01 11:42:52.597,2021-12-01 11:42:52.597
49,Жинст,64070,4,5f6b198d8ce02f593cfbc5c0,2021-12-01 11:42:52.597,2021-12-01 11:42:52.597
50,Заг,64200,4,5f6b198d8ce02f593cfbc5c9,2021-12-01 11:42:52.597,2021-12-01 11:42:52.597
51,Өлзийт,64030,4,5f6b198d8ce02f593cfbc5be,2021-12-01 11:42:52.597,2021-12-01 11:42:52.597
52,Хүрээмарал,64240,4,5f6b198d8ce02f593cfbc5cd,2021-12-01 11:42:52.597,2021-12-01 11:42:52.597
53,Шинэжинст,64190,4,5f6b198d8ce02f593cfbc5c8,2021-12-01 11:42:52.597,2021-12-01 11:42:52.597
54,Эрдэнэцогт,64020,4,5f6b198d8ce02f593cfbc5bd,2021-12-01 11:42:52.597,2021-12-01 11:42:52.597
55,Баян-Агт,63180,5,5f6b198d8ce02f593cfbc5bb,2021-12-01 11:42:52.597,2021-12-01 11:42:52.597
56,Баяннуур,63010,5,5f6b198d8ce02f593cfbc5ac,2021-12-01 11:42:52.597,2021-12-01 11:42:52.597
57,Бугат,63090,5,5f6b198d8ce02f593cfbc5b4,2021-12-01 11:42:52.597,2021-12-01 11:42:52.597
58,Булган,63080,5,5f6b198d8ce02f593cfbc5b3,2021-12-01 11:42:52.597,2021-12-01 11:42:52.597
59,Бүрэгхангай,63050,5,5f6b198d8ce02f593cfbc5b0,2021-12-01 11:42:52.597,2021-12-01 11:42:52.597
60,Гурван Булаг,63120,5,5f6b198d8ce02f593cfbc5b7,2021-12-01 11:42:52.597,2021-12-01 11:42:52.597
61,Дашинчилэн,63060,5,5f6b198d8ce02f593cfbc5b1,2021-12-01 11:42:52.597,2021-12-01 11:42:52.597
62,Могод,63150,5,5f6b198d8ce02f593cfbc5b9,2021-12-01 11:42:52.597,2021-12-01 11:42:52.597
63,Орхон,63040,5,5f6b198d8ce02f593cfbc5af,2021-12-01 11:42:52.597,2021-12-01 11:42:52.597
64,Рашаант,63070,5,5f6b198d8ce02f593cfbc5b2,2021-12-01 11:42:52.597,2021-12-01 11:42:52.597
65,Сайхан,63160,5,5f6b198d8ce02f593cfbc5ba,2021-12-01 11:42:52.597,2021-12-01 11:42:52.597
66,Сэлэнгэ,63020,5,5f6b198d8ce02f593cfbc5ad,2021-12-01 11:42:52.597,2021-12-01 11:42:52.597
67,Тэшиг,63100,5,5f6b198d8ce02f593cfbc5b5,2021-12-01 11:42:52.597,2021-12-01 11:42:52.597
68,Хангал,63030,5,5f6b198d8ce02f593cfbc5ae,2021-12-01 11:42:52.597,2021-12-01 11:42:52.597
69,Хишиг-Өндөр,63110,5,5f6b198d8ce02f593cfbc5b6,2021-12-01 11:42:52.597,2021-12-01 11:42:52.597
70,Хутаг-Өндөр,63140,5,5f6b198d8ce02f593cfbc5b8,2021-12-01 11:42:52.597,2021-12-01 11:42:52.597
71,Хялганат,63035,5,614464912a77bdb8678ad345,2021-12-01 11:42:52.597,2021-12-01 11:42:52.597
72,Арвайхээр,62160,6,5f6b198d8ce02f593cfbc5a4,2021-12-01 11:42:52.597,2021-12-01 11:42:52.597
73,Баруунбаян-Улаан,62270,6,5f6b198d8ce02f593cfbc5ab,2021-12-01 11:42:52.597,2021-12-01 11:42:52.597
74,Бат-Өлзий,62210,6,5f6b198d8ce02f593cfbc5a7,2021-12-01 11:42:52.597,2021-12-01 11:42:52.597
75,Баянгол,62060,6,5f6b198d8ce02f593cfbc59e,2021-12-01 11:42:52.597,2021-12-01 11:42:52.597
76,Баян-Өндөр,62010,6,5f6b198d8ce02f593cfbc599,2021-12-01 11:42:52.597,2021-12-01 11:42:52.597
77,Богд,62190,6,5f6b198d8ce02f593cfbc5a6,2021-12-01 11:42:52.597,2021-12-01 11:42:52.597
78,Бүрд,62020,6,5f6b198d8ce02f593cfbc59a,2021-12-01 11:42:52.597,2021-12-01 11:42:52.597
79,Гучин-Ус,62180,6,5f6b198d8ce02f593cfbc5a5,2021-12-01 11:42:52.597,2021-12-01 11:42:52.597
80,Есөн Зүйл,62030,6,5f6b198d8ce02f593cfbc59b,2021-12-01 11:42:52.597,2021-12-01 11:42:52.597
81,Зүүнбаян-Улаан,62120,6,5f6b198d8ce02f593cfbc5a2,2021-12-01 11:42:52.597,2021-12-01 11:42:52.597
82,Өлзийт,62050,6,5f6b198d8ce02f593cfbc59d,2021-12-01 11:42:52.597,2021-12-01 11:42:52.597
83,Нарийнтээл,62260,6,5f6b198d8ce02f593cfbc5aa,2021-12-01 11:42:52.597,2021-12-01 11:42:52.597
84,Сант,62040,6,5f6b198d8ce02f593cfbc59c,2021-12-01 11:42:52.597,2021-12-01 11:42:52.597
85,Тарагт,62140,6,5f6b198d8ce02f593cfbc5a3,2021-12-01 11:42:52.597,2021-12-01 11:42:52.597
86,Төгрөг,62080,6,5f6b198d8ce02f593cfbc59f,2021-12-01 11:42:52.597,2021-12-01 11:42:52.597
87,Уянга,62220,6,5f6b198d8ce02f593cfbc5a8,2021-12-01 11:42:52.597,2021-12-01 11:42:52.597
88,Хайрхандулаан,62240,6,5f6b198d8ce02f593cfbc5a9,2021-12-01 11:42:52.597,2021-12-01 11:42:52.597
89,Хархорин,62090,6,5f6b198d8ce02f593cfbc5a0,2021-12-01 11:42:52.597,2021-12-01 11:42:52.597
90,Хужирт,62110,6,5f6b198d8ce02f593cfbc5a1,2021-12-01 11:42:52.597,2021-12-01 11:42:52.597
91,Алтай,82130,7,5f6b198d8ce02f593cfbc61c,2021-12-01 11:42:52.597,2021-12-01 11:42:52.597
92,Баян-Уул,82150,7,5f6b198d8ce02f593cfbc61e,2021-12-01 11:42:52.597,2021-12-01 11:42:52.597
93,Бигэр,82040,7,5f6b198d8ce02f593cfbc615,2021-12-01 11:42:52.597,2021-12-01 11:42:52.597
94,Бугат,82200,7,5f6b198d8ce02f593cfbc622,2021-12-01 11:42:52.597,2021-12-01 11:42:52.597
95,Гуулин,82015,7,5f6b198d8ce02f593cfbc5023,2021-12-01 11:42:52.597,2021-12-01 11:42:52.597
96,Дарив,82190,7,5f6b198d8ce02f593cfbc621,2021-12-01 11:42:52.597,2021-12-01 11:42:52.597
97,Дэлгэр,82010,7,5f6b198d8ce02f593cfbc612,2021-12-01 11:42:52.597,2021-12-01 11:42:52.597
98,Есөнбулаг,82080,7,5f6b198d8ce02f593cfbc618,2021-12-01 11:42:52.597,2021-12-01 11:42:52.597
99,Жаргалан,82110,7,5f6b198d8ce02f593cfbc61a,2021-12-01 11:42:52.597,2021-12-01 11:42:52.597
100,Тайшир,82070,7,5f6b198d8ce02f593cfbc617,2021-12-01 11:42:52.597,2021-12-01 11:42:52.597
101,Төгрөг,82170,7,5f6b198d8ce02f593cfbc61f,2021-12-01 11:42:52.597,2021-12-01 11:42:52.597
102,Тонхил,82210,7,5f6b198d8ce02f593cfbc623,2021-12-01 11:42:52.597,2021-12-01 11:42:52.597
103,Халиун,82100,7,5f6b198d8ce02f593cfbc619,2021-12-01 11:42:52.597,2021-12-01 11:42:52.597
104,Хөхморьт,82180,7,5f6b198d8ce02f593cfbc620,2021-12-01 11:42:52.597,2021-12-01 11:42:52.597
105,Цогт,82050,7,5f6b198d8ce02f593cfbc616,2021-12-01 11:42:52.597,2021-12-01 11:42:52.597
106,Цээл,82120,7,5f6b198d8ce02f593cfbc61b,2021-12-01 11:42:52.597,2021-12-01 11:42:52.597
107,Чандмань,82020,7,5f6b198d8ce02f593cfbc613,2021-12-01 11:42:52.597,2021-12-01 11:42:52.597
108,Шарга,82140,7,5f6b198d8ce02f593cfbc61d,2021-12-01 11:42:52.597,2021-12-01 11:42:52.597
109,Эрдэнэ,82030,7,5f6b198d8ce02f593cfbc614,2021-12-01 11:42:52.597,2021-12-01 11:42:52.597
110,Баянтал,42040,8,5f6b198d8ce02f593cfbc555,2021-12-01 11:42:52.597,2021-12-01 11:42:52.597
111,Сүмбэр,42010,8,5f6b198d8ce02f593cfbc553,2021-12-01 11:42:52.597,2021-12-01 11:42:52.597
112,Шивээговь,42030,8,5f6b198d8ce02f593cfbc554,2021-12-01 11:42:52.597,2021-12-01 11:42:52.597
113,Дархан,45040,9,5f6b198d8ce02f593cfbc578,2021-12-01 11:42:52.597,2021-12-01 11:42:52.597
114,Орхон,45030,9,5f6b198d8ce02f593cfbc577,2021-12-01 11:42:52.597,2021-12-01 11:42:52.597
115,Салхит,45021,9,5f6b198d8ce02f593cfbc5021,2021-12-01 11:42:52.597,2021-12-01 11:42:52.597
116,Хонгор,45020,9,5f6b198d8ce02f593cfbc576,2021-12-01 11:42:52.597,2021-12-01 11:42:52.597
117,Шарын гол,45010,9,5f6b198d8ce02f593cfbc575,2021-12-01 11:42:52.597,2021-12-01 11:42:52.597
118,Айраг,44120,10,5f6b198d8ce02f593cfbc572,2021-12-01 11:42:52.597,2021-12-01 11:42:52.597
119,Алтанширээ,44070,10,5f6b198d8ce02f593cfbc56d,2021-12-01 11:42:52.597,2021-12-01 11:42:52.597
120,Даланжаргалан,44130,10,5f6b198d8ce02f593cfbc573,2021-12-01 11:42:52.597,2021-12-01 11:42:52.597
121,Дэлгэрэх,44040,10,5f6b198d8ce02f593cfbc56a,2021-12-01 11:42:52.597,2021-12-01 11:42:52.597
122,Замын-Үүд,44010,10,5f6b198d8ce02f593cfbc567,2021-12-01 11:42:52.597,2021-12-01 11:42:52.597
123,Иххэт,44090,10,5f6b198d8ce02f593cfbc56f,2021-12-01 11:42:52.597,2021-12-01 11:42:52.597
124,Мандах,44140,10,5f6b198d8ce02f593cfbc574,2021-12-01 11:42:52.597,2021-12-01 11:42:52.597
125,Олон-Овоот,44134,10,5f6b198d8ce02f593cfbc5026,2021-12-01 11:42:52.597,2021-12-01 11:42:52.597
126,Өргөн,44030,10,5f6b198d8ce02f593cfbc569,2021-12-01 11:42:52.597,2021-12-01 11:42:52.597
127,Сайншанд,44100,10,5f6b198d8ce02f593cfbc570,2021-12-01 11:42:52.597,2021-12-01 11:42:52.597
128,Сайхандулаан,44110,10,5f6b198d8ce02f593cfbc571,2021-12-01 11:42:52.597,2021-12-01 11:42:52.597
129,Улаанбадрах,44050,10,5f6b198d8ce02f593cfbc56b,2021-12-01 11:42:52.597,2021-12-01 11:42:52.597
130,Хатанбулаг,44080,10,5f6b198d8ce02f593cfbc56e,2021-12-01 11:42:52.597,2021-12-01 11:42:52.597
131,Хөвсгөл,44060,10,5f6b198d8ce02f593cfbc56c,2021-12-01 11:42:52.597,2021-12-01 11:42:52.597
132,Эрдэнэ,44020,10,5f6b198d8ce02f593cfbc568,2021-12-01 11:42:52.597,2021-12-01 11:42:52.597
133,Баяндун,21120,11,5f6b198d8ce02f593cfbc515,2021-12-01 11:42:52.597,2021-12-01 11:42:52.597
134,Баянтүмэн,21050,11,5f6b198d8ce02f593cfbc50f,2021-12-01 11:42:52.597,2021-12-01 11:42:52.597
135,Баян-Уул,21160,11,5f6b198d8ce02f593cfbc518,2021-12-01 11:42:52.597,2021-12-01 11:42:52.597
136,Булган,21090,11,5f6b198d8ce02f593cfbc512,2021-12-01 11:42:52.597,2021-12-01 11:42:52.597
137,Гурванзагал,21080,11,5f6b198d8ce02f593cfbc511,2021-12-01 11:42:52.597,2021-12-01 11:42:52.597
138,Дашбалбар,21100,11,5f6b198d8ce02f593cfbc513,2021-12-01 11:42:52.597,2021-12-01 11:42:52.597
139,Матад,21020,11,5f6b198d8ce02f593cfbc50c,2021-12-01 11:42:52.597,2021-12-01 11:42:52.597
140,Сэргэлэн,21110,11,5f6b198d8ce02f593cfbc514,2021-12-01 11:42:52.597,2021-12-01 11:42:52.597
141,Халхгол,21010,11,5f6b198d8ce02f593cfbc50b,2021-12-01 11:42:52.597,2021-12-01 11:42:52.597
142,Хөлөнбуйр,21150,11,5f6b198d8ce02f593cfbc517,2021-12-01 11:42:52.597,2021-12-01 11:42:52.597
143,Хэрлэн,21060,11,5f6b198d8ce02f593cfbc510,2021-12-01 11:42:52.597,2021-12-01 11:42:52.597
144,Цагаан-Овоо,21130,11,5f6b198d8ce02f593cfbc516,2021-12-01 11:42:52.597,2021-12-01 11:42:52.597
145,Чойбалсан,21040,11,5f6b198d8ce02f593cfbc50e,2021-12-01 11:42:52.597,2021-12-01 11:42:52.597
146,Чулуунхороот,21030,11,5f6b198d8ce02f593cfbc50d,2021-12-01 11:42:52.597,2021-12-01 11:42:52.597
147,Адаацаг,48140,12,5f6b198d8ce02f593cfbc593,2021-12-01 11:42:52.597,2021-12-01 11:42:52.597
148,Баянжаргалан,48020,12,5f6b198d8ce02f593cfbc589,2021-12-01 11:42:52.597,2021-12-01 11:42:52.597
149,Говь-Угтаал,48070,12,5f6b198d8ce02f593cfbc58d,2021-12-01 11:42:52.597,2021-12-01 11:42:52.597
150,Гурвансайхан,48060,12,5f6b198d8ce02f593cfbc58c,2021-12-01 11:42:52.597,2021-12-01 11:42:52.597
151,Дэлгэрхангай,48170,12,5f6b198d8ce02f593cfbc595,2021-12-01 11:42:52.597,2021-12-01 11:42:52.597
152,Дэлгэрцогт,48110,12,5f6b198d8ce02f593cfbc590,2021-12-01 11:42:52.597,2021-12-01 11:42:52.597
153,Дэрэн,48080,12,5f6b198d8ce02f593cfbc58e,2021-12-01 11:42:52.597,2021-12-01 11:42:52.597
154,Өлзийт,48040,12,5f6b198d8ce02f593cfbc58b,2021-12-01 11:42:52.597,2021-12-01 11:42:52.597
155,Луус,48120,12,5f6b198d8ce02f593cfbc591,2021-12-01 11:42:52.597,2021-12-01 11:42:52.597
156,Өндөршил,48010,12,5f6b198d8ce02f593cfbc588,2021-12-01 11:42:52.597,2021-12-01 11:42:52.597
157,Сайнцагаан,48090,12,5f6b198d8ce02f593cfbc58f,2021-12-01 11:42:52.597,2021-12-01 11:42:52.597
158,Сайхан-Овоо,48180,12,5f6b198d8ce02f593cfbc596,2021-12-01 11:42:52.597,2021-12-01 11:42:52.597
159,Хулд,48130,12,5f6b198d8ce02f593cfbc592,2021-12-01 11:42:52.597,2021-12-01 11:42:52.597
160,Цагаандэлгэр,48030,12,5f6b198d8ce02f593cfbc58a,2021-12-01 11:42:52.597,2021-12-01 11:42:52.597
161,Эрдэнэдалай,48150,12,5f6b198d8ce02f593cfbc594,2021-12-01 11:42:52.597,2021-12-01 11:42:52.597
162,Алдархаан,81190,13,5f6b198d8ce02f593cfbc608,2021-12-01 11:42:52.597,2021-12-01 11:42:52.597
163,Асгат,81170,13,5f6b198d8ce02f593cfbc606,2021-12-01 11:42:52.597,2021-12-01 11:42:52.597
164,Баянтэс,81160,13,5f6b198d8ce02f593cfbc605,2021-12-01 11:42:52.597,2021-12-01 11:42:52.597
165,Баянхайрхан,81180,13,5f6b198d8ce02f593cfbc607,2021-12-01 11:42:52.597,2021-12-01 11:42:52.597
166,Дөрвөлжин,81280,13,5f6b198d8ce02f593cfbc610,2021-12-01 11:42:52.597,2021-12-01 11:42:52.597
167,Завханмандал,81270,13,5f6b198d8ce02f593cfbc60f,2021-12-01 11:42:52.597,2021-12-01 11:42:52.597
168,Идэр,81060,13,5f6b198d8ce02f593cfbc5fd,2021-12-01 11:42:52.597,2021-12-01 11:42:52.597
169,Их-Уул,81010,13,5f6b198d8ce02f593cfbc5fa,2021-12-01 11:42:52.597,2021-12-01 11:42:52.597
170,Нөмрөг,81110,13,5f6b198d8ce02f593cfbc600,2021-12-01 11:42:52.597,2021-12-01 11:42:52.597
171,Отгон,81070,13,5f6b198d8ce02f593cfbc5fe,2021-12-01 11:42:52.597,2021-12-01 11:42:52.597
172,Сантмаргац,81260,13,5f6b198d8ce02f593cfbc60e,2021-12-01 11:42:52.597,2021-12-01 11:42:52.597
173,Сонгино,81230,13,5f6b198d8ce02f593cfbc60b,2021-12-01 11:42:52.597,2021-12-01 11:42:52.597
174,Тосонцэнгэл,81030,13,5f6b198d8ce02f593cfbc5fb,2021-12-01 11:42:52.597,2021-12-01 11:42:52.597
175,Түдэвтэй,81210,13,5f6b198d8ce02f593cfbc609,2021-12-01 11:42:52.597,2021-12-01 11:42:52.597
176,Тэлмэн,81050,13,5f6b198d8ce02f593cfbc5fc,2021-12-01 11:42:52.597,2021-12-01 11:42:52.597
177,Тэс,81250,13,5f6b198d8ce02f593cfbc60d,2021-12-01 11:42:52.597,2021-12-01 11:42:52.597
178,Улиастай,81090,13,5f6b198d8ce02f593cfbc5ff,2021-12-01 11:42:52.597,2021-12-01 11:42:52.597
179,Ургамал,81290,13,5f6b198d8ce02f593cfbc611,2021-12-01 11:42:52.597,2021-12-01 11:42:52.597
180,Цагаанхайрхан,81120,13,5f6b198d8ce02f593cfbc601,2021-12-01 11:42:52.597,2021-12-01 11:42:52.597
181,Цагаанчулуут,81150,13,5f6b198d8ce02f593cfbc604,2021-12-01 11:42:52.597,2021-12-01 11:42:52.597
182,Цэцэн-Уул,81220,13,5f6b198d8ce02f593cfbc60a,2021-12-01 11:42:52.597,2021-12-01 11:42:52.597
183,Шилүүстэй,81140,13,5f6b198d8ce02f593cfbc603,2021-12-01 11:42:52.597,2021-12-01 11:42:52.597
184,Эрдэнэхайрхан,81240,13,5f6b198d8ce02f593cfbc60c,2021-12-01 11:42:52.597,2021-12-01 11:42:52.597
185,Яруу,81130,13,5f6b198d8ce02f593cfbc602,2021-12-01 11:42:52.597,2021-12-01 11:42:52.597
186,Баяндалай,46120,14,5f6b198d8ce02f593cfbc584,2021-12-01 11:42:52.597,2021-12-01 11:42:52.597
187,Баян-Овоо,46030,14,5f6b198d8ce02f593cfbc57b,2021-12-01 11:42:52.597,2021-12-01 11:42:52.597
188,Булган,46110,14,5f6b198d8ce02f593cfbc583,2021-12-01 11:42:52.597,2021-12-01 11:42:52.597
189,Гурвантэс,46150,14,5f6b198d8ce02f593cfbc587,2021-12-01 11:42:52.597,2021-12-01 11:42:52.597
190,Даланзадгад,46080,14,5f6b198d8ce02f593cfbc580,2021-12-01 11:42:52.597,2021-12-01 11:42:52.597
191,Мандал-Овоо,46090,14,5f6b198d8ce02f593cfbc581,2021-12-01 11:42:52.597,2021-12-01 11:42:52.597
192,Манлай,46020,14,5f6b198d8ce02f593cfbc57a,2021-12-01 11:42:52.597,2021-12-01 11:42:52.597
193,Ноён,46140,14,5f6b198d8ce02f593cfbc586,2021-12-01 11:42:52.597,2021-12-01 11:42:52.597
194,Номгон,46050,14,5f6b198d8ce02f593cfbc57d,2021-12-01 11:42:52.597,2021-12-01 11:42:52.597
195,Сэврэй,46130,14,5f6b198d8ce02f593cfbc585,2021-12-01 11:42:52.597,2021-12-01 11:42:52.597
196,Ханбогд,46010,14,5f6b198d8ce02f593cfbc579,2021-12-01 11:42:52.597,2021-12-01 11:42:52.597
197,Ханхонгор,46070,14,5f6b198d8ce02f593cfbc57f,2021-12-01 11:42:52.597,2021-12-01 11:42:52.597
198,Хүрмэн,46100,14,5f6b198d8ce02f593cfbc582,2021-12-01 11:42:52.597,2021-12-01 11:42:52.597
199,Цогт-Овоо,46060,14,5f6b198d8ce02f593cfbc57e,2021-12-01 11:42:52.597,2021-12-01 11:42:52.597
200,Цогтцэций,46040,14,5f6b198d8ce02f593cfbc57c,2021-12-01 11:42:52.597,2021-12-01 11:42:52.597
201,Баян-Өндөр,61020,15,5f6b198d8ce02f593cfbc598,2021-12-01 11:42:52.597,2021-12-01 11:42:52.597
202,Жаргалант,61010,15,5f6b198d8ce02f593cfbc597,2021-12-01 11:42:52.597,2021-12-01 11:42:52.597
203,Улаантолгой,61013,15,5f6b198d8ce02f593cfbc5024,2021-12-01 11:42:52.597,2021-12-01 11:42:52.597
204,Асгат,22050,16,5f6b198d8ce02f593cfbc51c,2021-12-01 11:42:52.597,2021-12-01 11:42:52.597
205,Баруун-Урт,22070,16,5f6b198d8ce02f593cfbc51e,2021-12-01 11:42:52.597,2021-12-01 11:42:52.597
206,Баяндэлгэр,22110,16,5f6b198d8ce02f593cfbc521,2021-12-01 11:42:52.597,2021-12-01 11:42:52.597
207,Дарьганга,22040,16,5f6b198d8ce02f593cfbc51b,2021-12-01 11:42:52.597,2021-12-01 11:42:52.597
208,Мөнххаан,22140,16,5f6b198d8ce02f593cfbc523,2021-12-01 11:42:52.597,2021-12-01 11:42:52.597
209,Наран,22060,16,5f6b198d8ce02f593cfbc51d,2021-12-01 11:42:52.597,2021-12-01 11:42:52.597
210,Онгон,22090,16,5f6b198d8ce02f593cfbc51f,2021-12-01 11:42:52.597,2021-12-01 11:42:52.597
211,Сүхбаатар,22030,16,5f6b198d8ce02f593cfbc51a,2021-12-01 11:42:52.597,2021-12-01 11:42:52.597
212,Түвшинширээ,22160,16,5f6b198d8ce02f593cfbc525,2021-12-01 11:42:52.597,2021-12-01 11:42:52.597
213,Түмэнцогт,22150,16,5f6b198d8ce02f593cfbc524,2021-12-01 11:42:52.597,2021-12-01 11:42:52.597
214,Уулбаян,22130,16,5f6b198d8ce02f593cfbc522,2021-12-01 11:42:52.597,2021-12-01 11:42:52.597
215,Халзан,22100,16,5f6b198d8ce02f593cfbc520,2021-12-01 11:42:52.597,2021-12-01 11:42:52.597
216,Эрдэнэцагаан,22010,16,5f6b198d8ce02f593cfbc519,2021-12-01 11:42:52.597,2021-12-01 11:42:52.597
217,Алтанбулаг,43040,17,5f6b198d8ce02f593cfbc559,2021-12-01 11:42:52.597,2021-12-01 11:42:52.597
218,Баруунбүрэн,43170,17,5f6b198d8ce02f593cfbc566,2021-12-01 11:42:52.597,2021-12-01 11:42:52.597
219,Баянгол,43060,17,5f6b198d8ce02f593cfbc55b,2021-12-01 11:42:52.597,2021-12-01 11:42:52.597
220,Дулаанхаан,43071,17,5f6b198d8ce02f593cfbc5027,2021-12-01 11:42:52.597,2021-12-01 11:42:52.597
221,Ерөө,43010,17,5f6b198d8ce02f593cfbc556,2021-12-01 11:42:52.597,2021-12-01 11:42:52.597
222,Жавхлант,43050,17,5f6b198d8ce02f593cfbc55a,2021-12-01 11:42:52.597,2021-12-01 11:42:52.597
223,Зүүнбүрэн,43090,17,5f6b198d8ce02f593cfbc55e,2021-12-01 11:42:52.597,2021-12-01 11:42:52.597
224,Мандал,43030,17,5f6b198d8ce02f593cfbc558,2021-12-01 11:42:52.597,2021-12-01 11:42:52.597
225,Орхон,43140,17,5f6b198d8ce02f593cfbc563,2021-12-01 11:42:52.597,2021-12-01 11:42:52.597
226,Орхонтуул,43160,17,5f6b198d8ce02f593cfbc565,2021-12-01 11:42:52.597,2021-12-01 11:42:52.597
227,Сайхан,43130,17,5f6b198d8ce02f593cfbc562,2021-12-01 11:42:52.597,2021-12-01 11:42:52.597
228,Сант,43150,17,5f6b198d8ce02f593cfbc564,2021-12-01 11:42:52.597,2021-12-01 11:42:52.597
229,Сүхбаатар,43080,17,5f6b198d8ce02f593cfbc55d,2021-12-01 11:42:52.597,2021-12-01 11:42:52.597
230,Түшиг,43100,17,5f6b198d8ce02f593cfbc55f,2021-12-01 11:42:52.597,2021-12-01 11:42:52.597
231,Хөтөл,43131,17,5f6b198d8ce02f593cfbc5022,2021-12-01 11:42:52.597,2021-12-01 11:42:52.597
232,Хүдэр,43020,17,5f6b198d8ce02f593cfbc557,2021-12-01 11:42:52.597,2021-12-01 11:42:52.597
233,Хушаат,43120,17,5f6b198d8ce02f593cfbc561,2021-12-01 11:42:52.597,2021-12-01 11:42:52.597
234,Цагааннуур,43110,17,5f6b198d8ce02f593cfbc560,2021-12-01 11:42:52.597,2021-12-01 11:42:52.597
235,Шаамар,43070,17,5f6b198d8ce02f593cfbc55c,2021-12-01 11:42:52.597,2021-12-01 11:42:52.597
236,Алтанбулаг,41130,18,5f6b198d8ce02f593cfbc542,2021-12-01 11:42:52.597,2021-12-01 11:42:52.597
237,Аргалант,41180,18,5f6b198d8ce02f593cfbc547,2021-12-01 11:42:52.597,2021-12-01 11:42:52.597
238,Архуст,41060,18,5f6b198d8ce02f593cfbc53c,2021-12-01 11:42:52.597,2021-12-01 11:42:52.597
239,Батсүмбэр,41120,18,5f6b198d8ce02f593cfbc541,2021-12-01 11:42:52.597,2021-12-01 11:42:52.597
240,Баян,41070,18,5f6b198d8ce02f593cfbc53d,2021-12-01 11:42:52.597,2021-12-01 11:42:52.597
241,Баяндэлгэр,41030,18,5f6b198d8ce02f593cfbc53a,2021-12-01 11:42:52.597,2021-12-01 11:42:52.597
242,Баянжаргалан,41020,18,5f6b198d8ce02f593cfbc539,2021-12-01 11:42:52.597,2021-12-01 11:42:52.597
243,Баян-Өнжүүл,41140,18,5f6b198d8ce02f593cfbc543,2021-12-01 11:42:52.597,2021-12-01 11:42:52.597
244,Баянхангай,41210,18,5f6b198d8ce02f593cfbc54a,2021-12-01 11:42:52.597,2021-12-01 11:42:52.597
245,Баянцагаан,41080,18,5f6b198d8ce02f593cfbc53e,2021-12-01 11:42:52.597,2021-12-01 11:42:52.597
246,Баянцогт,41170,18,5f6b198d8ce02f593cfbc546,2021-12-01 11:42:52.597,2021-12-01 11:42:52.597
247,Баянчандмань,41160,18,5f6b198d8ce02f593cfbc545,2021-12-01 11:42:52.597,2021-12-01 11:42:52.597
248,Борнуур,41150,18,5f6b198d8ce02f593cfbc544,2021-12-01 11:42:52.597,2021-12-01 11:42:52.597
249,Бүрэн,41260,18,5f6b198d8ce02f593cfbc54f,2021-12-01 11:42:52.597,2021-12-01 11:42:52.597
250,Дэлгэрхаан,41280,18,5f6b198d8ce02f593cfbc551,2021-12-01 11:42:52.597,2021-12-01 11:42:52.597
251,Жаргалант,41200,18,5f6b198d8ce02f593cfbc549,2021-12-01 11:42:52.597,2021-12-01 11:42:52.597
252,Заамар,41270,18,5f6b198d8ce02f593cfbc550,2021-12-01 11:42:52.597,2021-12-01 11:42:52.597
253,Зуунмод,41100,18,5f6b198d8ce02f593cfbc540,2021-12-01 11:42:52.597,2021-12-01 11:42:52.597
254,Лүн,41240,18,5f6b198d8ce02f593cfbc54d,2021-12-01 11:42:52.597,2021-12-01 11:42:52.597
255,Мөнгөнморьт,41010,18,5f6b198d8ce02f593cfbc538,2021-12-01 11:42:52.597,2021-12-01 11:42:52.597
256,Өндөрширээт,41250,18,5f6b198d8ce02f593cfbc54e,2021-12-01 11:42:52.597,2021-12-01 11:42:52.597
257,Сүмбэр,41190,18,5f6b198d8ce02f593cfbc548,2021-12-01 11:42:52.597,2021-12-01 11:42:52.597
258,Сэргэлэн,41090,18,5f6b198d8ce02f593cfbc53f,2021-12-01 11:42:52.597,2021-12-01 11:42:52.597
259,Угтаалцайдам,41220,18,5f6b198d8ce02f593cfbc54b,2021-12-01 11:42:52.597,2021-12-01 11:42:52.597
260,Цээл,41230,18,5f6b198d8ce02f593cfbc54c,2021-12-01 11:42:52.597,2021-12-01 11:42:52.597
261,Эрдэнэ,41040,18,5f6b198d8ce02f593cfbc53b,2021-12-01 11:42:52.597,2021-12-01 11:42:52.597
262,Эрдэнэсант,41290,18,5f6b198d8ce02f593cfbc552,2021-12-01 11:42:52.597,2021-12-01 11:42:52.597
263,Баруунтуруун,85020,19,5f6b198d8ce02f593cfbc643,2021-12-01 11:42:52.597,2021-12-01 11:42:52.597
264,Бөхмөрөн,85220,19,5f6b198d8ce02f593cfbc653,2021-12-01 11:42:52.597,2021-12-01 11:42:52.597
265,Давст,85120,19,5f6b198d8ce02f593cfbc64c,2021-12-01 11:42:52.597,2021-12-01 11:42:52.597
266,Завхан,85100,19,5f6b198d8ce02f593cfbc64a,2021-12-01 11:42:52.597,2021-12-01 11:42:52.597
267,Зүүнговь,85040,19,5f6b198d8ce02f593cfbc645,2021-12-01 11:42:52.597,2021-12-01 11:42:52.597
268,Зүүнхангай,85010,19,5f6b198d8ce02f593cfbc642,2021-12-01 11:42:52.597,2021-12-01 11:42:52.597
269,Өлгий,85150,19,5f6b198d8ce02f593cfbc64e,2021-12-01 11:42:52.597,2021-12-01 11:42:52.597
270,Малчин,85090,19,5f6b198d8ce02f593cfbc649,2021-12-01 11:42:52.597,2021-12-01 11:42:52.597
271,Өмнөговь,85210,19,5f6b198d8ce02f593cfbc652,2021-12-01 11:42:52.597,2021-12-01 11:42:52.597
272,Наранбулаг,85110,19,5f6b198d8ce02f593cfbc64b,2021-12-01 11:42:52.597,2021-12-01 11:42:52.597
273,Өндөрхангай,85030,19,5f6b198d8ce02f593cfbc644,2021-12-01 11:42:52.597,2021-12-01 11:42:52.597
274,Сагил,85190,19,5f6b198d8ce02f593cfbc650,2021-12-01 11:42:52.597,2021-12-01 11:42:52.597
275,Тариалан,85130,19,5f6b198d8ce02f593cfbc64d,2021-12-01 11:42:52.597,2021-12-01 11:42:52.597
276,Түргэн,85200,19,5f6b198d8ce02f593cfbc651,2021-12-01 11:42:52.597,2021-12-01 11:42:52.597
277,Тэс,85060,19,5f6b198d8ce02f593cfbc647,2021-12-01 11:42:52.597,2021-12-01 11:42:52.597
278,Улаангом,85160,19,5f6b198d8ce02f593cfbc64f,2021-12-01 11:42:52.597,2021-12-01 11:42:52.597
279,Ховд,85230,19,5f6b198d8ce02f593cfbc654,2021-12-01 11:42:52.597,2021-12-01 11:42:52.597
280,Хяргас,85080,19,5f6b198d8ce02f593cfbc648,2021-12-01 11:42:52.597,2021-12-01 11:42:52.597
281,Цагаанхайрхан,85050,19,5f6b198d8ce02f593cfbc646,2021-12-01 11:42:52.597,2021-12-01 11:42:52.597
282,Багануур,19000,20,5f6b198d8ce02f593cfbc50a,2021-12-01 11:42:52.597,2021-12-01 11:42:52.597
283,Багахангай,11000,20,5f6b198d8ce02f593cfbc502,2021-12-01 11:42:52.597,2021-12-01 11:42:52.597
284,Баянгол,16000,20,5f6b198d8ce02f593cfbc507,2021-12-01 11:42:52.597,2021-12-01 11:42:52.597
285,Баянзүрх,13000,20,5f6b198d8ce02f593cfbc504,2021-12-01 11:42:52.597,2021-12-01 11:42:52.597
286,Налайх,12000,20,5f6b198d8ce02f593cfbc503,2021-12-01 11:42:52.597,2021-12-01 11:42:52.597
287,Сонгинохайрхан,18000,20,5f6b198d8ce02f593cfbc509,2021-12-01 11:42:52.597,2021-12-01 11:42:52.597
288,Сүхбаатар,14000,20,5f6b198d8ce02f593cfbc505,2021-12-01 11:42:52.597,2021-12-01 11:42:52.597
289,Хан-Уул,17000,20,5f6b198d8ce02f593cfbc508,2021-12-01 11:42:52.597,2021-12-01 11:42:52.597
290,Чингэлтэй,15000,20,5f6b198d8ce02f593cfbc506,2021-12-01 11:42:52.597,2021-12-01 11:42:52.597
291,Алаг-Эрдэнэ,67140,21,5f6b198d8ce02f593cfbc5ed,2021-12-01 11:42:52.597,2021-12-01 11:42:52.597
292,Арбулаг,67200,21,5f6b198d8ce02f593cfbc5f1,2021-12-01 11:42:52.597,2021-12-01 11:42:52.597
293,Баянзүрх,67290,21,5f6b198d8ce02f593cfbc5f7,2021-12-01 11:42:52.597,2021-12-01 11:42:52.597
294,Бүрэнтогтох,67220,21,5f6b198d8ce02f593cfbc5f2,2021-12-01 11:42:52.597,2021-12-01 11:42:52.597
295,Галт,67190,21,5f6b198d8ce02f593cfbc5f0,2021-12-01 11:42:52.597,2021-12-01 11:42:52.597
296,Жаргалант,67250,21,5f6b198d8ce02f593cfbc5f4,2021-12-01 11:42:52.597,2021-12-01 11:42:52.597
297,Их-Уул,67050,21,5f6b198d8ce02f593cfbc5e6,2021-12-01 11:42:52.597,2021-12-01 11:42:52.597
298,Мөрөн,67120,21,5f6b198d8ce02f593cfbc5ec,2021-12-01 11:42:52.597,2021-12-01 11:42:52.597
299,Рашаант,67060,21,5f6b198d8ce02f593cfbc5e7,2021-12-01 11:42:52.597,2021-12-01 11:42:52.597
300,Рэнчинлхүмбэ,67170,21,5f6b198d8ce02f593cfbc5ef,2021-12-01 11:42:52.597,2021-12-01 11:42:52.597
301,Тариалан,67010,21,5f6b198d8ce02f593cfbc5e3,2021-12-01 11:42:52.597,2021-12-01 11:42:52.597
302,Төмөрбулаг,67160,21,5f6b198d8ce02f593cfbc5ee,2021-12-01 11:42:52.597,2021-12-01 11:42:52.597
303,Тосонцэнгэл,67110,21,5f6b198d8ce02f593cfbc5eb,2021-12-01 11:42:52.597,2021-12-01 11:42:52.597
304,Түнэл,67090,21,5f6b198d8ce02f593cfbc5ea,2021-12-01 11:42:52.597,2021-12-01 11:42:52.597
305,Улаан-Уул,67270,21,5f6b198d8ce02f593cfbc5f6,2021-12-01 11:42:52.597,2021-12-01 11:42:52.597
306,Ханх,67070,21,5f6b198d8ce02f593cfbc5e8,2021-12-01 11:42:52.597,2021-12-01 11:42:52.597
307,Хатгал,67340,21,5f6b198d8ce02f593cfbc5028,2021-12-01 11:42:52.597,2021-12-01 11:42:52.597
308,Цагааннуур,67260,21,5f6b198d8ce02f593cfbc5f5,2021-12-01 11:42:52.597,2021-12-01 11:42:52.597
309,Цагаан-Уул,67300,21,5f6b198d8ce02f593cfbc5f8,2021-12-01 11:42:52.597,2021-12-01 11:42:52.597
310,Цагаан-Үүр,67040,21,5f6b198d8ce02f593cfbc5e5,2021-12-01 11:42:52.597,2021-12-01 11:42:52.597
311,Цэцэрлэг,67320,21,5f6b198d8ce02f593cfbc5f9,2021-12-01 11:42:52.597,2021-12-01 11:42:52.597
312,Чандмань-Өндөр,67080,21,5f6b198d8ce02f593cfbc5e9,2021-12-01 11:42:52.597,2021-12-01 11:42:52.597
313,Шинэ-Идэр,67240,21,5f6b198d8ce02f593cfbc5f3,2021-12-01 11:42:52.597,2021-12-01 11:42:52.597
314,Эрдэнэбулган,67030,21,5f6b198d8ce02f593cfbc5e4,2021-12-01 11:42:52.597,2021-12-01 11:42:52.597
315,Алтай,84080,22,5f6b198d8ce02f593cfbc637,2021-12-01 11:42:52.597,2021-12-01 11:42:52.597
316,Булган,84210,22,5f6b198d8ce02f593cfbc641,2021-12-01 11:42:52.597,2021-12-01 11:42:52.597
317,Буянт,84090,22,5f6b198d8ce02f593cfbc638,2021-12-01 11:42:52.597,2021-12-01 11:42:52.597
318,Дарви,84010,22,5f6b198d8ce02f593cfbc631,2021-12-01 11:42:52.597,2021-12-01 11:42:52.597
319,Дөргөн,84020,22,5f6b198d8ce02f593cfbc632,2021-12-01 11:42:52.597,2021-12-01 11:42:52.597
320,Дуут,84200,22,5f6b198d8ce02f593cfbc640,2021-12-01 11:42:52.597,2021-12-01 11:42:52.597
321,Жаргалант,84140,22,5f6b198d8ce02f593cfbc63c,2021-12-01 11:42:52.597,2021-12-01 11:42:52.597
322,Зэрэг,84060,22,5f6b198d8ce02f593cfbc635,2021-12-01 11:42:52.597,2021-12-01 11:42:52.597
323,Манхан,84110,22,5f6b198d8ce02f593cfbc63a,2021-12-01 11:42:52.597,2021-12-01 11:42:52.597
324,Мөнххайрхан,84190,22,5f6b198d8ce02f593cfbc63f,2021-12-01 11:42:52.597,2021-12-01 11:42:52.597
325,Мөст,84070,22,5f6b198d8ce02f593cfbc636,2021-12-01 11:42:52.597,2021-12-01 11:42:52.597
326,Мянгад,84100,22,5f6b198d8ce02f593cfbc639,2021-12-01 11:42:52.597,2021-12-01 11:42:52.597
327,Үенч,84130,22,5f6b198d8ce02f593cfbc63b,2021-12-01 11:42:52.597,2021-12-01 11:42:52.597
328,Ховд,84170,22,5f6b198d8ce02f593cfbc63d,2021-12-01 11:42:52.597,2021-12-01 11:42:52.597
329,Цэцэг,84050,22,5f6b198d8ce02f593cfbc634,2021-12-01 11:42:52.597,2021-12-01 11:42:52.597
330,Чандмань,84030,22,5f6b198d8ce02f593cfbc633,2021-12-01 11:42:52.597,2021-12-01 11:42:52.597
331,Эрдэнэбүрэн,84180,22,5f6b198d8ce02f593cfbc63e,2021-12-01 11:42:52.597,2021-12-01 11:42:52.597
332,Батноров,23040,23,5f6b198d8ce02f593cfbc529,2021-12-01 11:42:52.597,2021-12-01 11:42:52.597
333,Батширээт,23160,23,5f6b198d8ce02f593cfbc531,2021-12-01 11:42:52.597,2021-12-01 11:42:52.597
334,Баян-Адарга,23070,23,5f6b198d8ce02f593cfbc52b,2021-12-01 11:42:52.597,2021-12-01 11:42:52.597
335,Баянмөнх,23170,23,5f6b198d8ce02f593cfbc532,2021-12-01 11:42:52.597,2021-12-01 11:42:52.597
336,Баян-Овоо,23010,23,5f6b198d8ce02f593cfbc526,2021-12-01 11:42:52.597,2021-12-01 11:42:52.597
337,Баянхутаг,23060,23,5f6b198d8ce02f593cfbc52a,2021-12-01 11:42:52.597,2021-12-01 11:42:52.597
338,Биндэр,23100,23,5f6b198d8ce02f593cfbc52d,2021-12-01 11:42:52.597,2021-12-01 11:42:52.597
339,Бор-Өндөр,23220,23,5f6b198d8ce02f593cfbc537,2021-12-01 11:42:52.597,2021-12-01 11:42:52.597
340,Бэрхтосгон,23047,23,5f6b198d8ce02f593cfbc5025,2021-12-01 11:42:52.597,2021-12-01 11:42:52.597
341,Галшар,23080,23,5f6b198d8ce02f593cfbc52c,2021-12-01 11:42:52.597,2021-12-01 11:42:52.597
342,Дадал,23030,23,5f6b198d8ce02f593cfbc528,2021-12-01 11:42:52.597,2021-12-01 11:42:52.597
343,Дархан,23180,23,5f6b198d8ce02f593cfbc533,2021-12-01 11:42:52.597,2021-12-01 11:42:52.597
344,Дэлгэрхаан,23200,23,5f6b198d8ce02f593cfbc535,2021-12-01 11:42:52.597,2021-12-01 11:42:52.597
345,Жаргалтхаан,23190,23,5f6b198d8ce02f593cfbc534,2021-12-01 11:42:52.597,2021-12-01 11:42:52.597
346,Өмнөдэлгэр,23140,23,5f6b198d8ce02f593cfbc530,2021-12-01 11:42:52.597,2021-12-01 11:42:52.597
347,Мөрөн,23130,23,5f6b198d8ce02f593cfbc52f,2021-12-01 11:42:52.597,2021-12-01 11:42:52.597
348,Норовлин,23020,23,5f6b198d8ce02f593cfbc527,2021-12-01 11:42:52.597,2021-12-01 11:42:52.597
349,Хэрлэн,23110,23,5f6b198d8ce02f593cfbc52e,2021-12-01 11:42:52.597,2021-12-01 11:42:52.597
350,Цэнхэрмандал,23210,23,5f6b198d8ce02f593cfbc536,2021-12-01 11:42:52.597,2021-12-01 11:42:52.597
